"Reference","Qty","Value","DNP","Exclude from BOM","Exclude from Board","Footprint","Datasheet"
"C1,C3,C7,C8,C9,C13","6","10uF","","","","Capacitor_SMD:C_0603_1608Metric_Pad1.08x0.95mm_HandSolder",""
"C2,C4,C5,C6,C14,C15,C16","7","100nF","","","","Capacitor_SMD:C_0402_1005Metric_Pad0.74x0.62mm_HandSolder",""
"C10","1","22u","","","","Capacitor_SMD:C_0603_1608Metric_Pad1.08x0.95mm_HandSolder",""
"C17","1","470nF","","","","Capacitor_SMD:C_0603_1608Metric_Pad1.08x0.95mm_HandSolder",""
"C18","1","47nF","","","","Capacitor_SMD:C_0402_1005Metric_Pad0.74x0.62mm_HandSolder",""
"C19,C20","2","100pF","","","","Capacitor_SMD:C_0402_1005Metric_Pad0.74x0.62mm_HandSolder",""
"D1","1","STATUS","","","","LED_SMD:LED_0603_1608Metric_Pad1.05x0.95mm_HandSolder",""
"D2","1","ORANGE","","","","LED_SMD:LED_0603_1608Metric_Pad1.05x0.95mm_HandSolder",""
"D3","1","GREEN","","","","LED_SMD:LED_0603_1608Metric_Pad1.05x0.95mm_HandSolder",""
"J1","1","Conn_01x05_Pin","","","","Connector_PinHeader_1.00mm:PinHeader_1x05_P1.00mm_Vertical",""
"J2","1","Conn_01x02_Pin","","","","Connector_PinHeader_1.00mm:PinHeader_1x02_P1.00mm_Vertical",""
"L1","1","2.2uH","","","","UnEasy-LCSC:IND-SMD_L4.0-W4.0_B",""
"L2","1","47nH","","","","Inductor_SMD:L_0402_1005Metric_Pad0.77x0.64mm_HandSolder",""
"R1","1","330R","","","","Resistor_SMD:R_0402_1005Metric_Pad0.72x0.64mm_HandSolder",""
"R2,R3,R4,R11,R12,R13","6","10k","","","","Resistor_SMD:R_0402_1005Metric_Pad0.72x0.64mm_HandSolder",""
"R5,R6,R7,R8","4","22R","","","","Resistor_SMD:R_0402_1005Metric_Pad0.72x0.64mm_HandSolder",""
"R9,R10,R14,R15","4","1k","","","","Resistor_SMD:R_0402_1005Metric_Pad0.72x0.64mm_HandSolder",""
"R16","1","36k5","","","","Resistor_SMD:R_0402_1005Metric_Pad0.72x0.64mm_HandSolder",""
"R17","1","0","","","","Resistor_SMD:R_0402_1005Metric_Pad0.72x0.64mm_HandSolder",""
"SW1","1","SW_SPST","","","","UnEasy-LCSC:KEY-SMD_L3.9-W3.0-LS5.0-EH",""
"U1","1","CHT20MEMS","","","","LCSC downloads:LGA-6_L3.0-W3.0-P1.00-BR",""
"U2","1","STM32C011F6Px","","","","Package_SO:TSSOP-20_4.4x6.5mm_P0.65mm","https://www.st.com/resource/en/datasheet/stm32c011f6.pdf"
"U3","1","SPA06-003","","","","LCSC downloads:LGA-8_L2.5-W2.0-P0.65_SPA06-003",""
"U4","1","CN3163","","","","LCSC downloads:ESOP-8_L4.9-W3.9-P1.27-LS6.0-BL-EP",""
"U6","1","SX1262IMLTRT","","","","Package_DFN_QFN:QFN-24-1EP_4x4mm_P0.5mm_EP2.15x2.15mm",""
"U7","1","TPS63900","","","","Package_SON:WSON-10-1EP_2.5x2.5mm_P0.5mm_EP1.2x2mm_ThermalVias","https://www.ti.com/lit/ds/symlink/tps63900.pdf"
"Y1","1","Crystal_GND24","","","","Crystal:Crystal_SMD_3225-4Pin_3.2x2.5mm",""
