Designator,Footprint,Quantity,Value,LCSC Part #
"C1, C13, C3, C7, C8, C9",0603,6,10uF,
C10,0603,1,22uF,
"C14, C15, C16, C2, C4, C5, C6",0402,7,100nF,
C17,0603,1,470nF,
C18,0402,1,47nF,
"C19, C20",0402,2,100pF,
"D1, D2, D3",0603,3,KT-0603R,
J1,PinHeader_1x05_P2.54mm_Vertical,1,~,
J2,PinHeader_1x02_P2.54mm_Vertical,1,~,
L1,IND-SMD_L4.0-W4.0,1,2.2uH Ceaiya CR4018-2R2M,C520302
L2,0402,1,47nH,
R1,0402,1,330R,
"R10, R14, R15, R9",0402,4,1k,
"R11, R12, R13, R2, R3, R4",0402,6,10k,
R16,0603,1,0603WAF3602T5E,
R17,0402,1,0,
R18,0603,1,0603WAF5100T5E,
"R5, R6, R7, R8",0402,4,22R,
SW1,SW-SMD_L3.9-W3.0-P4.45,1,TS-1088-AR02016,C720477
U1,LGA-6_L3.0-W3.0-P1.00-BR,1,CHT20MEMS,C26159166
U2,TSSOP-20_4.4x6.5mm_P0.65mm,1,STM32C051F8P6,
U3,LGA-8_L2.5-W2.0-P0.65_SPA06-003,1,SPA06-003,C30589048
U4,ESOP-8_L4.9-W3.9-P1.27-LS6.0-BL-EP,1,CN3163,C559031
U6,QFN-24_L4.0-W4.0-P0.50-BL-EP2.6,1,SX1262IMLTRT,C191341
U7,WSON-10-1EP_2.5x2.5mm_P0.5mm_EP1.2x2mm_ThermalVias,1,TPS63900,
Y1,CRYSTAL-SMD_4P-L3.2-W2.5-BL,1,X322532MMB4SI,C113671
