"Id";"Designator";"Footprint";"Quantity";"Designation";"Supplier and ref";
1;"C1, C3, C7, C8, C9, C11, C12, C13";"C_0603_1608Metric_Pad1.08x0.95mm_HandSolder";8;"CL10A106KP8NNNC 10uF";;;
2;"C2, C4, C5, C6, C14, C15";"C_0402_1005Metric_Pad0.74x0.62mm_HandSolder";6;"CL05B104KO5NNNC 100nF";;;
3;"C10";"C_0603_1608Metric_Pad1.08x0.95mm_HandSolder";1;"CL10A226MQ8NRNC 22uF";;;
4;"C16";"C_0603_1608Metric";1;"47nF";;;
5;"C17";"C_0402_1005Metric";1;"CL05B104KO5NNNC 100nF";;;
6;"C18";"C_0402_1005Metric_Pad0.74x0.62mm_HandSolder";1;"0402CG101J500NT 100pF";;;
7;"D1, D2, D3";"LED_0603_1608Metric_Pad1.05x0.95mm_HandSolder";3;"KT-0603R";;;
8;"J1";"PinHeader_1x05_P2.54mm_Vertical";1;"~";;;
9;"J2";"PinHeader_1x02_P2.54mm_Vertical";1;"~";;;
10;"L1";"IND-SMD_L4.0-W4.0";1;"CR4018-2R2M";;;
11;"L2";"L_0805_2012Metric_Pad1.05x1.20mm_HandSolder";1;"47nH";;;
12;"R1";"C_0603_1608Metric";1;"0603WAF3300T5E 330R";;;
13;"R2, R3, R10";"R_0402_1005Metric_Pad0.72x0.64mm_HandSolder";3;"0402WGF1002TCE 10k";;;
14;"R5, R6, R7";"R_0402_1005Metric_Pad0.72x0.64mm_HandSolder";3;"0402WGF220JTCE 22R";;;
15;"R8, R9, R11, R12";"R_0402_1005Metric_Pad0.72x0.64mm_HandSolder";4;"1k";;;
16;"R13";"R_0603_1608Metric";1;"0603WAF3601T5E";;;
17;"R14";"R_0603_1608Metric";1;"0603WAF3302T5E";;;
18;"R15";"R_0402_1005Metric_Pad0.72x0.64mm_HandSolder";1;"0";;;
19;"SW1";"SW-SMD_L3.9-W3.0-P4.45";1;"TS-1088-AR02016";;;
20;"U1";"LGA-6_L3.0-W3.0-P1.00-BR";1;"CHT20MEMS";;;
21;"U2";"TSSOP-20_4.4x6.5mm_P0.65mm";1;"STM32C051F8P6";;;
22;"U3";"LGA-8_L2.5-W2.0-P0.65_SPA06-003";1;"SPA06-003";;;
23;"U4";"ESOP-8_L4.9-W3.9-P1.27-LS6.0-BL-EP";1;"CN3163";;;
24;"U5";"WSON-10-1EP_2.5x2.5mm_P0.5mm_EP1.2x2mm_ThermalVias";1;"TPS63900";;;
25;"U6";"QFN-24_L4.0-W4.0-P0.50-BL-EP2.6";1;"SX1262IMLTRT";;;
26;"Y1";"CRYSTAL-SMD_4P-L3.2-W2.5-BL";1;"X322532MMB4SI";;;
