Designator,Mid X,Mid Y,Rotation,Layer
C1,45.221172,-29.670454,270.0,top
C10,30.334001,-34.288,90.0,top
C13,52.058671,-34.846704,0.0,top
C14,49.421172,-35.514204,90.0,top
C15,51.126171,-36.146704,0.0,top
C16,54.058671,-41.514204,90.0,top
C17,55.083673,-36.446704,0.0,top
C18,52.971172,-43.146704,0.0,top
C19,52.988672,-44.196704,0.0,top
C2,41.5,-23.995454,90.0,top
C20,51.121172,-47.014204,90.0,top
C3,45.096172,-22.707954,270.0,top
C4,46.746172,-23.277954,270.0,top
C5,40.771173,-35.045454,180.0,top
C6,43.321172,-32.195455,270.0,top
C7,34.741332,-21.415454,180.0,top
C8,30.591332,-21.415454,0.0,top
C9,35.165001,-34.3145,90.0,top
D1,58.25,-21.675001,270.0,top
D2,28.078831,-26.490453,270.0,top
D3,28.07883,-22.915455,90.0,top
J1,52.46,-15.0,90.0,top
J2,18.755,-15.0,270.0,top
L1,32.771001,-38.35375,0.0,top
L2,51.748671,-45.296704,180.0,top
R1,43.721172,-29.242954,90.0,top
R10,51.75,-29.25,270.0,top
R11,57.6525,-24.25,0.0,top
R12,54.121172,-33.396704,180.0,top
R13,38.3,-33.792954,90.0,top
R14,36.978831,-24.815454,90.0,top
R15,28.7025,-28.995454,180.0,top
R16,34.450001,-30.475001,0.0,top
R17,51.1,-49.395454,270.0,top
R18,31.050001,-30.475001,0.0,top
R2,46.746172,-20.872954,90.0,top
R3,56.596172,-20.795454,90.0,top
R4,43.0,-23.995454,270.0,top
R5,54.696172,-29.015454,270.0,top
R6,55.85974,-27.515454,270.0,top
R7,46.85974,-39.815454,0.0,top
R8,56.55974,-25.415454,0.0,top
R9,53.121172,-29.215454,270.0,top
SW1,39.2,-22.4,270.0,top
U1,40.771172,-28.645454,90.0,top
U2,51.471672,-24.428454,270.0,top
U3,40.793673,-32.255454,180.0,top
U4,32.673831,-24.847954,90.0,top
U6,50.7,-39.4,180.0,top
U7,32.739001,-34.2185,270.0,top
Y1,57.158671,-39.346704,180.0,top
